timestamp,group_id,request_id,dns_resolution_s,tcp_connect_s,tls_handshake_s,time_to_first_byte_s,total_request_time_s,http_status,content_length,x_lodbrok_cell,x_cache
2025-07-24T16:10:00.475855,eyJfdHlwZSI6Ikdyb3VwIiwiaWQiOiIxMjQ1MzI2NTQwOCJ9,0a9a24ce-ac6e-4a3d-b782-120f24ab94c3,0.002703,0.034016,0.142385,0.528207,0.529701,200,11718,prod_central_1-c1,CONFIG_NOCACHE
2025-07-24T16:10:01.270373,eyJfdHlwZSI6Ikdyb3VwIiwiaWQiOiI0NDUzMjQ0OTI4In0,0754b551-0e26-4bbd-b952-c1f69bcc735a,0.003181,0.044579,0.190757,0.696377,0.771927,200,82611,prod_central_1-c1,CONFIG_NOCACHE
2025-07-24T16:10:02.464028,eyJfdHlwZSI6Ikdyb3VwIiwiaWQiOiIyNjEzNTc0In0,ae0e90f1-3d59-4c69-808b-410a76dc8377,0.002364,0.044682,0.210359,1.061705,1.171899,200,211571,prod_central_1-c1,CONFIG_NOCACHE
2025-07-24T16:10:03.143690,eyJfdHlwZSI6Ikdyb3VwIiwiaWQiOiI0MzMyNDI5MzEyIn0,40defe05-bad1-45cd-9020-1a8db38f9e1b,0.002762,0.04907,0.157908,0.594057,0.653638,200,42018,prod_central_1-c1,CONFIG_NOCACHE
2025-07-24T16:10:04.424225,eyJfdHlwZSI6Ikdyb3VwIiwiaWQiOiI2MjI4OTE0MTc2MCJ9,ac7e7836-6a05-490c-95f4-1549fd5540d4,0.00386,0.031223,0.150813,1.084615,1.253976,200,227576,prod_central_1-c1,CONFIG_NOCACHE
2025-07-24T16:10:05.241353,eyJfdHlwZSI6Ikdyb3VwIiwiaWQiOiIxNzUwMTgwOTg2ODgifQ,3e883960-ba25-4249-bd2c-6f71638ad522,0.003846,0.041046,0.161632,0.726213,0.788973,200,50306,prod_central_1-c1,CONFIG_NOCACHE
2025-07-24T16:10:05.870307,eyJfdHlwZSI6Ikdyb3VwIiwiaWQiOiI2MDUwMzIwIn0,4d13f66f-2f7c-4559-a7a1-8d82e797babd,0.004349,0.041116,0.141083,0.573455,0.596307,200,36948,prod_central_1-c1,CONFIG_NOCACHE
2025-07-24T16:10:06.796404,eyJfdHlwZSI6Ikdyb3VwIiwiaWQiOiI4MzIxMjc1In0,73678cb0-5959-4aa5-93f7-2fd481d02f5c,0.00382,0.048163,0.170612,0.828599,0.897871,200,115484,prod_central_1-c1,CONFIG_NOCACHE
2025-07-24T16:10:07.551660,eyJfdHlwZSI6Ikdyb3VwIiwiaWQiOiI5NzY2MDMifQ,587b8143-f813-4a89-ab0f-4028425093b2,0.003788,0.056839,0.175737,0.63807,0.726368,200,56874,prod_central_1-c1,CONFIG_NOCACHE
2025-07-24T16:10:08.389846,eyJfdHlwZSI6Ikdyb3VwIiwiaWQiOiIyMDE2MzA2NzkwNDAifQ,b2a57917-f87d-47d9-992b-90d6324000a1,0.002934,0.045317,0.142608,0.776598,0.814307,200,49288,prod_central_1-c1,CONFIG_NOCACHE
2025-07-24T16:10:09.114617,eyJfdHlwZSI6Ikdyb3VwIiwiaWQiOiI1OTE0NzQ2ODgwIn0,80ac83d8-3403-45ae-9715-3d7ffec45738,0.003768,0.051972,0.167198,0.648983,0.69854,200,34638,prod_central_1-c1,CONFIG_NOCACHE
2025-07-24T16:10:10.048309,eyJfdHlwZSI6Ikdyb3VwIiwiaWQiOiI3ODI2NTA4In0,887f7da1-d296-4d56-9e71-00fe1e1ec37b,0.002192,0.054099,0.183972,0.853903,0.899918,200,47666,prod_central_1-c1,CONFIG_NOCACHE
2025-07-24T16:10:10.839058,eyJfdHlwZSI6Ikdyb3VwIiwiaWQiOiIxMjcyOTEwMDY5NzYifQ,09c9a3f9-1985-47ee-a1a0-777cd345de17,0.004327,0.029181,0.158359,0.727061,0.756106,200,32552,prod_central_1-c1,CONFIG_NOCACHE
2025-07-24T16:10:12.129288,eyJfdHlwZSI6Ikdyb3VwIiwiaWQiOiIzMjIwMzQzIn0,3fd2b6d9-bd3b-4482-b4b8-aeb286f07d0f,0.005229,0.042493,0.15823,1.147769,1.257297,200,121361,prod_central_1-c1,CONFIG_NOCACHE
2025-07-24T16:10:12.882523,eyJfdHlwZSI6Ikdyb3VwIiwiaWQiOiIxMDQ0OTI2NDY0MDAifQ,795c181f-6664-4955-b468-69ceed480f20,0.002716,0.040132,0.149808,0.696158,0.718098,200,16886,prod_central_1-c1,CONFIG_NOCACHE
2025-07-24T16:10:13.909468,eyJfdHlwZSI6Ikdyb3VwIiwiaWQiOiIyOTQ4MDM4NjU2In0,d4be5dca-70ba-4806-9fc2-f10c702af2a1,0.003561,0.035951,0.163076,0.880681,0.992133,200,117679,prod_central_1-c1,CONFIG_NOCACHE
2025-07-24T16:10:14.653609,eyJfdHlwZSI6Ikdyb3VwIiwiaWQiOiI5ODkwOTQwNTE4NCJ9,b71c8c09-4ee3-465a-8c5d-10936787d8de,0.005655,0.033513,0.13097,0.648495,0.704794,200,57828,prod_central_1-c1,CONFIG_NOCACHE
2025-07-24T16:10:15.557184,eyJfdHlwZSI6Ikdyb3VwIiwiaWQiOiIxMjAxOTcxIn0,c168278d-f158-4eed-a8f6-05694fce92a5,0.003381,0.032408,0.156075,0.789264,0.86953,200,124559,prod_central_1-c1,CONFIG_NOCACHE
2025-07-24T16:10:16.239312,eyJfdHlwZSI6Ikdyb3VwIiwiaWQiOiIxMjA2Nzg1MSJ9,8f93ca08-2002-4630-ac61-f01d809599df,0.004715,0.047911,0.162113,0.624504,0.643551,200,27144,prod_central_1-c1,CONFIG_NOCACHE
2025-07-24T16:10:17.309100,eyJfdHlwZSI6Ikdyb3VwIiwiaWQiOiIxNDQyOTU5MDMyMzIifQ,5e51503d-f79f-4271-a17c-eee80853e661,0.004624,0.038018,0.154869,0.982858,1.0325,200,72341,prod_central_1-c1,CONFIG_NOCACHE
2025-07-24T16:10:17.897445,eyJfdHlwZSI6Ikdyb3VwIiwiaWQiOiI0MTI0NjgwMTkyMCJ9,8b223329-8691-44ab-bc81-e7329d62bd6d,0.003493,0.030796,0.149627,0.533903,0.554665,200,12769,prod_central_1-c1,CONFIG_NOCACHE
2025-07-24T16:10:18.743771,eyJfdHlwZSI6Ikdyb3VwIiwiaWQiOiI0NDMxOTY5In0,655f5978-9c97-484a-a51a-e1324ca66699,0.005193,0.038033,0.190749,0.753312,0.802253,200,48238,prod_central_1-c1,CONFIG_NOCACHE
2025-07-24T16:10:19.555904,eyJfdHlwZSI6Ikdyb3VwIiwiaWQiOiIyMjI0NjY2NDYwMTYifQ,2d9c83b1-20d7-4675-b9eb-0270d16f4ddd,0.004419,0.030936,0.137995,0.596807,0.777582,200,65194,prod_central_1-c1,CONFIG_NOCACHE
2025-07-24T16:10:20.228210,eyJfdHlwZSI6Ikdyb3VwIiwiaWQiOiI2MDU4OTY4Njc4NCJ9,91df4f9d-4616-4637-b809-f3e4ab742e14,0.004533,0.032405,0.16057,0.621833,0.634963,200,21665,prod_central_1-c1,CONFIG_NOCACHE
2025-07-24T16:10:21.088254,eyJfdHlwZSI6Ikdyb3VwIiwiaWQiOiIzMDMwMDc3NDQwMCJ9,881cb464-32ec-491d-b073-cf2a5e8cc633,0.004624,0.041152,0.170901,0.786192,0.826683,200,47513,prod_central_1-c1,CONFIG_NOCACHE
2025-07-24T16:10:21.686790,eyJfdHlwZSI6Ikdyb3VwIiwiaWQiOiIxNzQzMDMzNDY2ODgifQ,7298a365-7f17-4e61-8c1e-f52ac7d4f05d,0.003035,0.035897,0.172722,0.559522,0.576634,200,11163,prod_central_1-c1,CONFIG_NOCACHE
2025-07-24T16:10:23.290266,eyJfdHlwZSI6Ikdyb3VwIiwiaWQiOiIxMjgzMjUxODE0NDAifQ,7eb7b3cf-2f15-4716-96fb-126e89364d6b,0.004044,0.036178,0.161475,1.336081,1.568853,200,392618,prod_central_1-c1,CONFIG_NOCACHE
2025-07-24T16:10:23.902444,eyJfdHlwZSI6Ikdyb3VwIiwiaWQiOiIyMjU5NzIxNjY2NTYifQ,f30b77a4-b28c-4055-87c7-2c996a0d107d,0.004605,0.030275,0.162738,0.557853,0.569029,200,9546,prod_central_1-c1,CONFIG_NOCACHE
2025-07-24T16:10:24.575946,eyJfdHlwZSI6Ikdyb3VwIiwiaWQiOiIyMjc4NTQ3MTI4MzIifQ,286fefa7-22f7-48de-8fe2-a0463a7b2549,0.004919,0.036914,0.180948,0.608975,0.63353,200,19392,prod_central_1-c1,CONFIG_NOCACHE
2025-07-24T16:10:25.392251,eyJfdHlwZSI6Ikdyb3VwIiwiaWQiOiIxOTg5NTQ3ODY4MTYifQ,1c148442-4e48-411f-99e1-4825c058e997,0.004708,0.033621,0.191856,0.73631,0.776732,200,29307,prod_central_1-c1,CONFIG_NOCACHE
2025-07-24T16:10:26.226858,eyJfdHlwZSI6Ikdyb3VwIiwiaWQiOiIxNzQzNTgwMjAwOTYifQ,942e6a72-e2a6-4648-b13b-f20800127b58,0.00304,0.03372,0.161679,0.743736,0.8,200,35159,prod_central_1-c1,CONFIG_NOCACHE
2025-07-24T16:10:27.008158,eyJfdHlwZSI6Ikdyb3VwIiwiaWQiOiIyMTkzNzM3MjM2NDgifQ,24190d43-ce10-43f3-8a75-e0e46dce16e8,0.003372,0.04,0.174793,0.72855,0.750987,200,20156,prod_central_1-c1,CONFIG_NOCACHE
2025-07-24T16:10:27.728338,eyJfdHlwZSI6Ikdyb3VwIiwiaWQiOiIxMTM1ODUwNzgyNzIifQ,b97652a5-caab-485c-afd9-ca48877e1074,0.003306,0.039511,0.157096,0.669346,0.694279,200,36299,prod_central_1-c1,CONFIG_NOCACHE
2025-07-24T16:10:28.979641,eyJfdHlwZSI6Ikdyb3VwIiwiaWQiOiIxNTU3OTMzNjcwNDAifQ,604346a6-9450-4aef-8fc8-20b53b66a323,0.004437,0.036909,0.140968,1.068516,1.207937,200,188655,prod_central_1-c1,CONFIG_NOCACHE
2025-07-24T16:10:29.588702,eyJfdHlwZSI6Ikdyb3VwIiwiaWQiOiI5MTYzMDU5MjAwMCJ9,386e5937-4fba-4f2f-9364-255f5c96198a,0.005223,0.029623,0.154686,0.529395,0.569016,200,22039,prod_central_1-c1,CONFIG_NOCACHE
2025-07-24T16:10:30.315733,eyJfdHlwZSI6Ikdyb3VwIiwiaWQiOiIxMzU1ODAwMzMwMjQifQ,bf402a89-d1ef-4031-9d41-513cd80680f9,0.003102,0.030433,0.154305,0.630829,0.687108,200,58027,prod_central_1-c1,CONFIG_NOCACHE
2025-07-24T16:10:31.021770,eyJfdHlwZSI6Ikdyb3VwIiwiaWQiOiIxOTEzNDMzIn0,b7a0cd81-ba04-4b42-9514-ae7b33752800,0.004734,0.033445,0.160106,0.629688,0.667217,200,45920,prod_central_1-c1,CONFIG_NOCACHE
2025-07-24T16:10:31.703392,eyJfdHlwZSI6Ikdyb3VwIiwiaWQiOiIxMjAzMjIyMjgyMjQifQ,33c48f31-e06f-4d9d-a70a-1b80d962f15c,0.004652,0.027792,0.148537,0.550127,0.639999,200,55893,prod_central_1-c1,CONFIG_NOCACHE
2025-07-24T16:10:32.637939,eyJfdHlwZSI6Ikdyb3VwIiwiaWQiOiIzNDY4NDc4ODczNiJ9,b1b73f4b-b714-4551-895c-d04d77fc0cf0,0.004161,0.03674,0.1501,0.848984,0.896762,200,56564,prod_central_1-c1,CONFIG_NOCACHE
2025-07-24T16:10:33.363998,eyJfdHlwZSI6Ikdyb3VwIiwiaWQiOiIxMjUwNzk0In0,1bdc2e52-6cb0-4066-91f6-3e97f6e4541d,0.004519,0.039795,0.173497,0.586971,0.684635,200,48659,prod_central_1-c1,CONFIG_NOCACHE
2025-07-24T16:10:34.052023,eyJfdHlwZSI6Ikdyb3VwIiwiaWQiOiIzMjE3NzU5NDM2OCJ9,e4ebf094-4868-4726-99bf-890c520bfe9f,0.003435,0.034586,0.142248,0.60885,0.654839,200,25839,prod_central_1-c1,CONFIG_NOCACHE
2025-07-24T16:10:34.811116,eyJfdHlwZSI6Ikdyb3VwIiwiaWQiOiIyMjAwMTQ1MDE4ODgifQ,855c6093-e8cf-4332-ac64-b5eccf2c2656,0.005164,0.034087,0.175503,0.616509,0.718063,200,63574,prod_central_1-c1,CONFIG_NOCACHE
2025-07-24T16:10:35.670860,eyJfdHlwZSI6Ikdyb3VwIiwiaWQiOiIxMTEyNTIxOSJ9,0e5fcae6-4b81-4c90-9795-e5b2659c89fd,0.003875,0.039327,0.157843,0.749464,0.827645,200,109797,prod_central_1-c1,CONFIG_NOCACHE
2025-07-24T16:10:36.472036,eyJfdHlwZSI6Ikdyb3VwIiwiaWQiOiI3MjQ0ODY5In0,d7ff2e6f-c0cc-4b09-8e92-648b9c4d9761,0.005193,0.057053,0.183097,0.698716,0.759981,200,39949,prod_central_1-c1,CONFIG_NOCACHE
2025-07-24T16:10:37.192588,eyJfdHlwZSI6Ikdyb3VwIiwiaWQiOiI3OTA3ODIyNzk2OCJ9,2eac6c33-0416-4869-9d74-342f7037a8d1,0.004992,0.041407,0.162986,0.593795,0.68634,200,47871,prod_central_1-c1,CONFIG_NOCACHE
2025-07-24T16:10:37.868119,eyJfdHlwZSI6Ikdyb3VwIiwiaWQiOiI1MDYyMDE3MDI0In0,abfcfe91-ea16-410b-8c95-cad593932806,0.004377,0.040609,0.192254,0.62217,0.645463,200,20158,prod_central_1-c1,CONFIG_NOCACHE
2025-07-24T16:10:38.597562,eyJfdHlwZSI6Ikdyb3VwIiwiaWQiOiIxNDAzMjc5NSJ9,14a76353-991e-4723-ac11-9e2f275759bd,0.00443,0.04093,0.166516,0.654226,0.689022,200,34482,prod_central_1-c1,CONFIG_NOCACHE
2025-07-24T16:10:39.201623,eyJfdHlwZSI6Ikdyb3VwIiwiaWQiOiIyMTk1MDI3MzEyNjQifQ,f491dcfe-d339-4704-b89d-d6fff8790855,0.003399,0.036286,0.161214,0.51551,0.575325,200,33709,prod_central_1-c1,CONFIG_NOCACHE
2025-07-24T16:10:40.072819,eyJfdHlwZSI6Ikdyb3VwIiwiaWQiOiIxMTcxMzk4In0,f6bf07ba-16d9-45af-a226-f2399216f667,0.004087,0.02819,0.156614,0.748554,0.830443,200,63060,prod_central_1-c1,CONFIG_NOCACHE
2025-07-24T16:10:40.892881,eyJfdHlwZSI6Ikdyb3VwIiwiaWQiOiIxMzg2NjkzOCJ9,0275e15e-3c38-4ba8-9593-6fdd67039f80,0.004227,0.036484,0.146271,0.658277,0.788534,200,134949,prod_central_1-c1,CONFIG_NOCACHE
2025-07-24T16:10:41.871400,eyJfdHlwZSI6Ikdyb3VwIiwiaWQiOiI0MzQ1MjQ5NzkyMCJ9,42f35474-224b-4112-8bdb-403b7407fc70,0.004392,0.027612,0.154478,0.906238,0.942386,200,42997,prod_central_1-c1,CONFIG_NOCACHE
2025-07-24T16:10:42.671027,eyJfdHlwZSI6Ikdyb3VwIiwiaWQiOiIxNTk3NTQ4OTUzNjAifQ,43f1a01a-f991-4a3b-b6bd-557773894d1c,0.004221,0.043594,0.156946,0.725467,0.764087,200,52046,prod_central_1-c1,CONFIG_NOCACHE
2025-07-24T16:10:43.403267,eyJfdHlwZSI6Ikdyb3VwIiwiaWQiOiIyNDc4NjQyIn0,d4555130-b454-4c1f-a6ad-d2f7abdce567,0.004593,0.046727,0.148223,0.691698,0.695779,200,13504,prod_central_1-c1,CONFIG_NOCACHE
2025-07-24T16:10:43.942200,eyJfdHlwZSI6Ikdyb3VwIiwiaWQiOiIxNTk5NDAwOSJ9,20b4b81b-a9c2-488d-bb31-aa8f9a979044,0.002154,0.045736,0.155313,0.481449,0.52165,200,28722,prod_central_1-c1,CONFIG_NOCACHE
2025-07-24T16:10:44.573272,eyJfdHlwZSI6Ikdyb3VwIiwiaWQiOiI0MjM4Mjg1MjA5NiJ9,0f97daec-8f0e-4d04-9967-03007cb67e77,0.002964,0.026939,0.143142,0.577585,0.611875,200,26366,prod_central_1-c1,CONFIG_NOCACHE
2025-07-24T16:10:45.235400,eyJfdHlwZSI6Ikdyb3VwIiwiaWQiOiIxMDU0MDQ5In0,e01643d8-2c1c-4303-a691-f20980214b4d,0.002946,0.03273,0.125615,0.597645,0.638007,200,60135,prod_central_1-c1,CONFIG_NOCACHE
2025-07-24T16:10:46.024265,eyJfdHlwZSI6Ikdyb3VwIiwiaWQiOiIxMTkxMDMwIn0,ab0587e6-3e86-4a51-92ae-7eb68dffcb68,0.004051,0.048197,0.155278,0.679733,0.76335,200,67416,prod_central_1-c1,CONFIG_NOCACHE
2025-07-24T16:10:46.844423,eyJfdHlwZSI6Ikdyb3VwIiwiaWQiOiIxNjkyNjQ4OSJ9,4f7fdee5-7bd3-4b53-a134-fcfdc4835f36,0.003802,0.030812,0.13774,0.717845,0.789766,200,53382,prod_central_1-c1,CONFIG_NOCACHE
2025-07-24T16:10:47.584167,eyJfdHlwZSI6Ikdyb3VwIiwiaWQiOiIxMTcwODYzIn0,a32e762d-fc9d-498b-8542-67aec94d74a1,0.003811,0.046906,0.162682,0.622952,0.710989,200,61932,prod_central_1-c1,CONFIG_NOCACHE
2025-07-24T16:10:48.410426,eyJfdHlwZSI6Ikdyb3VwIiwiaWQiOiI2MDk4NzM4In0,920e2216-9db9-4e3f-b1d3-9af2b651f3c6,0.003795,0.051411,0.157522,0.71258,0.794691,200,69049,prod_central_1-c1,CONFIG_NOCACHE
2025-07-24T16:10:49.065656,eyJfdHlwZSI6Ikdyb3VwIiwiaWQiOiI4MzA2ODQ2OTI0OCJ9,c0e10724-a9d2-4396-841b-50c8e1d27bc6,0.003776,0.045099,0.143337,0.595138,0.628725,200,48419,prod_central_1-c1,CONFIG_NOCACHE
2025-07-24T16:10:49.778225,eyJfdHlwZSI6Ikdyb3VwIiwiaWQiOiIzNDY3NzA1NTQ4OCJ9,907e0cdb-f44a-4291-a951-70f13a2fe0d3,0.002775,0.035373,0.140903,0.6193,0.696504,200,62479,prod_central_1-c1,CONFIG_NOCACHE
2025-07-24T16:10:50.672354,eyJfdHlwZSI6Ikdyb3VwIiwiaWQiOiIzNjQ0Njg1NTE2OCJ9,48f5e041-d3fa-4546-a24a-87ad920548ee,0.003911,0.044559,0.194193,0.835588,0.866682,200,37745,prod_central_1-c1,CONFIG_NOCACHE
2025-07-24T16:10:51.501286,eyJfdHlwZSI6Ikdyb3VwIiwiaWQiOiIxNDUyMDU0OCJ9,69475d03-5848-4f54-8785-6acbbc16bcd5,0.003661,0.05064,0.164234,0.762257,0.799349,200,69714,prod_central_1-c1,CONFIG_NOCACHE
2025-07-24T16:10:52.180329,eyJfdHlwZSI6Ikdyb3VwIiwiaWQiOiIyMjk5NTM0NDU4ODgifQ,7eeb5aa6-145b-4d50-ba14-4e2f4f1785ab,0.003809,0.048379,0.213098,0.647954,0.649277,200,1486,prod_central_1-c1,CONFIG_NOCACHE
2025-07-24T16:10:52.820494,eyJfdHlwZSI6Ikdyb3VwIiwiaWQiOiIyMjM4ODMwNjczOTIifQ,231c3d1e-d6bc-4d15-846f-27f396dca3fb,0.003657,0.036873,0.156086,0.583404,0.609734,200,27593,prod_central_1-c1,CONFIG_NOCACHE
2025-07-24T16:10:53.508628,eyJfdHlwZSI6Ikdyb3VwIiwiaWQiOiIyMDkxMzIwODUyNDgifQ,5033cdd9-244d-4c87-8197-e5a9fae65d52,0.003555,0.036591,0.169708,0.660696,0.661668,200,12464,prod_central_1-c1,CONFIG_NOCACHE
2025-07-24T16:10:54.284834,eyJfdHlwZSI6Ikdyb3VwIiwiaWQiOiIxNjE5NTIwNzE2ODAifQ,28f628f4-8aa9-4a18-85d8-4dfa48ab78a0,0.002099,0.051078,0.164755,0.695235,0.752514,200,57287,prod_central_1-c1,CONFIG_NOCACHE
2025-07-24T16:10:54.959570,eyJfdHlwZSI6Ikdyb3VwIiwiaWQiOiIyMTk3NzA2MzQyNDAifQ,f37e34e9-d202-4828-9508-9375116e1b7b,0.003697,0.045076,0.169684,0.629716,0.64506,200,24103,prod_central_1-c1,CONFIG_NOCACHE
2025-07-24T16:10:55.663007,eyJfdHlwZSI6Ikdyb3VwIiwiaWQiOiI5MzQ5ODMifQ,fb44add2-827f-4611-9f31-48275b91539f,0.003801,0.05004,0.168187,0.672098,0.674871,200,19581,prod_central_1-c1,CONFIG_NOCACHE
2025-07-24T16:10:56.403955,eyJfdHlwZSI6Ikdyb3VwIiwiaWQiOiI3NjM4OTA1NjUxMiJ9,8696d4ef-f49f-4a26-bef7-1cf672905684,0.003609,0.029909,0.163109,0.687388,0.710751,200,13474,prod_central_1-c1,CONFIG_NOCACHE
2025-07-24T16:10:57.165855,eyJfdHlwZSI6Ikdyb3VwIiwiaWQiOiI4NjQ1MTY4In0,423324ff-2633-42ac-8689-a1ef6f11afdd,0.003479,0.032027,0.144948,0.659928,0.730002,200,60225,prod_central_1-c1,CONFIG_NOCACHE
2025-07-24T16:10:57.887788,eyJfdHlwZSI6Ikdyb3VwIiwiaWQiOiI5ODg5MjkifQ,e83ad820-f893-4c83-9219-4122169c6dee,0.003876,0.057421,0.178628,0.663349,0.692601,200,27653,prod_central_1-c1,CONFIG_NOCACHE
2025-07-24T16:10:58.459673,eyJfdHlwZSI6Ikdyb3VwIiwiaWQiOiI5MjI0NzgifQ,0fc09320-fa4d-4bba-b18b-81fe83882973,0.00364,0.037832,0.141277,0.504324,0.543515,200,15827,prod_central_1-c1,CONFIG_NOCACHE
2025-07-24T16:10:59.025988,eyJfdHlwZSI6Ikdyb3VwIiwiaWQiOiIxNDY5MzU5MzkwNzIifQ,433bd0de-d339-4804-b810-0ccf302007e7,0.002221,0.03601,0.153601,0.510074,0.546944,200,13235,prod_central_1-c1,CONFIG_NOCACHE
2025-07-24T16:10:59.676253,eyJfdHlwZSI6Ikdyb3VwIiwiaWQiOiI0MjM5MTQyIn0,1702f828-d6f4-48cf-bd3a-f38630484403,0.003725,0.047332,0.185476,0.60048,0.622983,200,11290,prod_central_1-c1,CONFIG_NOCACHE
2025-07-24T16:11:00.501455,eyJfdHlwZSI6Ikdyb3VwIiwiaWQiOiIzNzQ3MjQ3In0,6b4b71e3-2339-4970-8547-ba841eee2273,0.003941,0.03909,0.164554,0.720347,0.796751,200,74153,prod_central_1-c1,CONFIG_NOCACHE
2025-07-24T16:11:01.437932,eyJfdHlwZSI6Ikdyb3VwIiwiaWQiOiI2NjAifQ,a6c313f9-9008-401a-a29e-0f51ee1ce78c,0.00433,0.060933,0.173791,0.863527,0.906251,200,52802,prod_central_1-c1,CONFIG_NOCACHE
2025-07-24T16:11:02.512808,eyJfdHlwZSI6Ikdyb3VwIiwiaWQiOiIyMTkzODg2MjQ4OTYifQ,2cc9b76b-c79f-47fb-9905-0e66c22b3729,0.003783,0.04045,0.1682,0.953467,1.047257,200,96161,prod_central_1-c1,CONFIG_NOCACHE
2025-07-24T16:11:03.189671,eyJfdHlwZSI6Ikdyb3VwIiwiaWQiOiI2NTE3ODgwNDIyNCJ9,f6ec06d2-9861-4bef-8f46-4b165a7efedf,0.003264,0.050507,0.214445,0.63452,0.656744,200,21162,prod_central_1-c1,CONFIG_NOCACHE
2025-07-24T16:11:03.850856,eyJfdHlwZSI6Ikdyb3VwIiwiaWQiOiIxMjAzMzU3OTQxNzYifQ,4760c5d4-6600-45fd-8812-6160af2db5cb,0.003106,0.053312,0.160594,0.602525,0.636505,200,36753,prod_central_1-c1,CONFIG_NOCACHE
2025-07-24T16:11:04.679840,eyJfdHlwZSI6Ikdyb3VwIiwiaWQiOiIxMjAxNDc0In0,9dade67d-2016-4af6-b789-d8ff75b0425e,0.003788,0.044562,0.176383,0.794255,0.802232,200,9810,prod_central_1-c1,CONFIG_NOCACHE
2025-07-24T16:11:05.705184,eyJfdHlwZSI6Ikdyb3VwIiwiaWQiOiI3OTgzNTM5ODE0NCJ9,2c21fb6d-10c8-41c0-8e79-c70021dec7e3,0.004007,0.052165,0.2156,0.90881,0.997175,200,64999,prod_central_1-c1,CONFIG_NOCACHE
2025-07-24T16:11:06.458553,eyJfdHlwZSI6Ikdyb3VwIiwiaWQiOiIxNzY5MTA2MyJ9,b6945152-dee2-4add-b8cb-1bf48966bf7c,0.003699,0.034833,0.187184,0.678922,0.720512,200,61140,prod_central_1-c1,CONFIG_NOCACHE
2025-07-24T16:11:07.130860,eyJfdHlwZSI6Ikdyb3VwIiwiaWQiOiIxNTAwNDY4MiJ9,0e61eafb-aac6-4045-84a0-d8c2785fecb9,0.002002,0.022679,0.132555,0.623634,0.625479,200,17058,prod_central_1-c1,CONFIG_NOCACHE
2025-07-24T16:11:07.769968,eyJfdHlwZSI6Ikdyb3VwIiwiaWQiOiI0ODQ2MTcwOTMxMiJ9,5e133627-d2bf-4581-9225-2a8448d600eb,0.003658,0.047294,0.171849,0.584551,0.611052,200,21963,prod_central_1-c1,CONFIG_NOCACHE
2025-07-24T16:11:08.981801,eyJfdHlwZSI6Ikdyb3VwIiwiaWQiOiI1MTU4MTcyMjYyNCJ9,2b076d89-c31f-458c-bf80-909575f77722,0.003646,0.03722,0.176218,1.069561,1.182541,200,146721,prod_central_1-c1,CONFIG_NOCACHE
2025-07-24T16:11:09.844070,eyJfdHlwZSI6Ikdyb3VwIiwiaWQiOiIxMDY3Njg1NyJ9,a87ab73c-df1b-49f4-b183-568fda087e19,0.003796,0.040428,0.156404,0.782824,0.834398,200,66242,prod_central_1-c1,CONFIG_NOCACHE
2025-07-24T16:11:10.793277,eyJfdHlwZSI6Ikdyb3VwIiwiaWQiOiIyMDI1NjE4NjM2OCJ9,f7b130a3-fd17-4605-84a0-73893cad92f6,0.00358,0.050496,0.178495,0.84183,0.920651,200,159241,prod_central_1-c1,CONFIG_NOCACHE
2025-07-24T16:11:11.556787,eyJfdHlwZSI6Ikdyb3VwIiwiaWQiOiI3NTk2ODU4NTcyOCJ9,595ad2f3-5424-46e4-8ef8-015db32e245f,0.003657,0.039907,0.152574,0.711457,0.73513,200,27242,prod_central_1-c1,CONFIG_NOCACHE
2025-07-24T16:11:12.240315,eyJfdHlwZSI6Ikdyb3VwIiwiaWQiOiIzODQ4NiJ9,c71d36de-1c56-4f71-b42d-c4c8ca0e4636,0.005342,0.044804,0.159776,0.621055,0.655906,200,29681,prod_central_1-c1,CONFIG_NOCACHE
2025-07-24T16:11:13.020886,eyJfdHlwZSI6Ikdyb3VwIiwiaWQiOiI2OTYyOTg3ODI3MiJ9,0cc946c6-9d92-4f88-b3eb-7a7acd22d0bf,0.003722,0.03475,0.169829,0.69996,0.753365,200,29983,prod_central_1-c1,CONFIG_NOCACHE
2025-07-24T16:11:13.622613,eyJfdHlwZSI6Ikdyb3VwIiwiaWQiOiIxNDQyODcyNiJ9,a12d68ed-390b-44b8-9ecd-56d4ebaefccd,0.003708,0.038725,0.158102,0.566875,0.574045,200,10153,prod_central_1-c1,CONFIG_NOCACHE
2025-07-24T16:11:14.220164,eyJfdHlwZSI6Ikdyb3VwIiwiaWQiOiIxNTUyNDQzOCJ9,e598fa3d-1e54-4321-851c-1bb652a0dcb5,0.003951,0.042512,0.132819,0.551303,0.570014,200,11836,prod_central_1-c1,CONFIG_NOCACHE
2025-07-24T16:11:15.014131,eyJfdHlwZSI6Ikdyb3VwIiwiaWQiOiI1NjQwMDk5NDMwNCJ9,265a6257-8fae-4130-8112-be3f187c1503,0.003719,0.0364,0.158589,0.694013,0.765616,200,57722,prod_central_1-c1,CONFIG_NOCACHE
2025-07-24T16:11:15.836725,eyJfdHlwZSI6Ikdyb3VwIiwiaWQiOiIzODE5MjYzIn0,8dc5e65b-1ada-436d-a11a-03827d06f37d,0.004839,0.039517,0.176745,0.792064,0.794474,200,17885,prod_central_1-c1,CONFIG_NOCACHE
2025-07-24T16:11:16.520156,eyJfdHlwZSI6Ikdyb3VwIiwiaWQiOiIxMjcwNzgwOCJ9,81a54671-bd7f-4b48-ab2b-88423573912a,0.003604,0.051432,0.166555,0.628931,0.655202,200,10545,prod_central_1-c1,CONFIG_NOCACHE
